start_sec,end_sec,duration_sec,samples,state_pairs
0.000,12.000,12.000,12,"[{""ground_truth"": ""STANDING"", ""prediction"": ""SITTING_OUTSIDE_BED"", ""samples"": 3}, {""ground_truth"": ""STANDING"", ""prediction"": ""WALKING"", ""samples"": 7}, {""ground_truth"": ""SITTING_ON_BED"", ""prediction"": ""WALKING"", ""samples"": 2}]"
173.000,180.000,7.000,7,"[{""ground_truth"": ""SITTING_ON_BED"", ""prediction"": ""LYING_IN_BED"", ""samples"": 1}, {""ground_truth"": ""STANDING"", ""prediction"": ""LYING_IN_BED"", ""samples"": 1}, {""ground_truth"": ""STANDING"", ""prediction"": ""WALKING"", ""samples"": 5}]"
191.000,198.000,7.000,7,"[{""ground_truth"": ""STANDING"", ""prediction"": ""WALKING"", ""samples"": 7}]"
224.000,231.000,7.000,7,"[{""ground_truth"": ""WALKING"", ""prediction"": ""SITTING_OUTSIDE_BED"", ""samples"": 5}, {""ground_truth"": ""SITTING_OUTSIDE_BED"", ""prediction"": ""WALKING"", ""samples"": 2}]"
200.000,205.000,5.000,5,"[{""ground_truth"": ""WALKING"", ""prediction"": ""SITTING_OUTSIDE_BED"", ""samples"": 5}]"
15.000,19.000,4.000,4,"[{""ground_truth"": ""LYING_IN_BED"", ""prediction"": ""SITTING_ON_BED"", ""samples"": 4}]"
209.000,213.000,4.000,4,"[{""ground_truth"": ""WALKING"", ""prediction"": ""SITTING_OUTSIDE_BED"", ""samples"": 4}]"
217.000,221.000,4.000,4,"[{""ground_truth"": ""WALKING"", ""prediction"": ""SITTING_OUTSIDE_BED"", ""samples"": 4}]"
148.000,151.000,3.000,3,"[{""ground_truth"": ""STANDING"", ""prediction"": ""SITTING_ON_BED"", ""samples"": 3}]"
269.000,272.000,3.000,3,"[{""ground_truth"": ""STANDING"", ""prediction"": ""SITTING_OUTSIDE_BED"", ""samples"": 2}, {""ground_truth"": ""SITTING_ON_BED"", ""prediction"": ""SITTING_OUTSIDE_BED"", ""samples"": 1}]"
314.000,317.000,3.000,3,"[{""ground_truth"": ""STANDING"", ""prediction"": ""SITTING_ON_BED"", ""samples"": 1}, {""ground_truth"": ""STANDING"", ""prediction"": ""WALKING"", ""samples"": 2}]"
320.000,323.000,3.000,3,"[{""ground_truth"": ""OUT_OF_BED"", ""prediction"": ""WALKING"", ""samples"": 3}]"
339.000,342.000,3.000,3,"[{""ground_truth"": ""WALKING"", ""prediction"": ""OUT_OF_BED"", ""samples"": 1}, {""ground_truth"": ""WALKING"", ""prediction"": ""SITTING_OUTSIDE_BED"", ""samples"": 2}]"
363.000,366.000,3.000,3,"[{""ground_truth"": ""WALKING"", ""prediction"": ""SITTING_OUTSIDE_BED"", ""samples"": 3}]"
370.000,373.000,3.000,3,"[{""ground_truth"": ""WALKING"", ""prediction"": ""SITTING_OUTSIDE_BED"", ""samples"": 3}]"
155.000,157.000,2.000,2,"[{""ground_truth"": ""SITTING_ON_BED"", ""prediction"": ""STANDING"", ""samples"": 2}]"
288.000,290.000,2.000,2,"[{""ground_truth"": ""LYING_IN_BED"", ""prediction"": ""SITTING_ON_BED"", ""samples"": 2}]"
310.000,312.000,2.000,2,"[{""ground_truth"": ""SITTING_ON_BED"", ""prediction"": ""LYING_IN_BED"", ""samples"": 2}]"
346.000,348.000,2.000,2,"[{""ground_truth"": ""LYING_IN_BED"", ""prediction"": ""SITTING_ON_BED"", ""samples"": 2}]"
358.000,360.000,2.000,2,"[{""ground_truth"": ""SITTING_ON_BED"", ""prediction"": ""LYING_IN_BED"", ""samples"": 1}, {""ground_truth"": ""WALKING"", ""prediction"": ""LYING_IN_BED"", ""samples"": 1}]"
377.000,379.000,2.000,2,"[{""ground_truth"": ""SITTING_ON_BED"", ""prediction"": ""WALKING"", ""samples"": 1}, {""ground_truth"": ""LYING_IN_BED"", ""prediction"": ""WALKING"", ""samples"": 1}]"
89.000,90.000,1.000,1,"[{""ground_truth"": ""LYING_IN_BED"", ""prediction"": ""SITTING_ON_BED"", ""samples"": 1}]"
108.000,109.000,1.000,1,"[{""ground_truth"": ""LYING_IN_BED"", ""prediction"": ""SITTING_ON_BED"", ""samples"": 1}]"
119.000,120.000,1.000,1,"[{""ground_truth"": ""SITTING_ON_BED"", ""prediction"": ""LYING_IN_BED"", ""samples"": 1}]"
159.000,160.000,1.000,1,"[{""ground_truth"": ""LYING_IN_BED"", ""prediction"": ""SITTING_ON_BED"", ""samples"": 1}]"
344.000,345.000,1.000,1,"[{""ground_truth"": ""SITTING_ON_BED"", ""prediction"": ""WALKING"", ""samples"": 1}]"
